[
{
  "model": "rides.city",
  "pk": 1,
  "fields": {
    "city": "Denver",
    "state": "CO",
    "lat": "39.739",
    "long": "104.990"
  }
},
{
  "model": "rides.city",
  "pk": 2,
  "fields": {
    "city": "Golden",
    "state": "CO",
    "lat": "39.756",
    "long": "105.221"
  }
},
{
  "model": "rides.city",
  "pk": 3,
  "fields": {
    "city": "Los Angeles",
    "state": "CA",
    "lat": "34.052",
    "long": "118.244"
  }
},
{
  "model": "rides.city",
  "pk": 4,
  "fields": {
    "city": "Austin",
    "state": "TX",
    "lat": "30.267",
    "long": "97.743"
  }
},
{
  "model": "rides.city",
  "pk": 5,
  "fields": {
    "city": "Las Vegas",
    "state": "NV",
    "lat": "36.170",
    "long": "115.140"
  }
},
{
  "model": "rides.city",
  "pk": 6,
  "fields": {
    "city": "Aspen Park",
    "state": "CO",
    "lat": "39.542",
    "long": "-105.297"
  }
},
{
  "model": "rides.city",
  "pk": 7,
  "fields": {
    "city": "Milwaukee",
    "state": "WI",
    "lat": "43.039",
    "long": "87.906"
  }
},
{
  "model": "rides.city",
  "pk": 8,
  "fields": {
    "city": "Aurora",
    "state": "CO",
    "lat": "39.708",
    "long": "-104.727"
  }
},
{
  "model": "rides.city",
  "pk": 9,
  "fields": {
    "city": "Vail",
    "state": "CO",
    "lat": "39.639",
    "long": "-106.361"
  }
},
{
  "model": "rides.city",
  "pk": 10,
  "fields": {
    "city": "Boulder",
    "state": "CO",
    "lat": "40.025",
    "long": "-105.252"
  }
},
{
  "model": "rides.city",
  "pk": 11,
  "fields": {
    "city": "Fort Collins",
    "state": "CO",
    "lat": "40.548",
    "long": "-105.066"
  }
},
{
  "model": "rides.city",
  "pk": 12,
  "fields": {
    "city": "Eldora",
    "state": "CO",
    "lat": "39.954",
    "long": "-105.578"
  }
},
{
  "model": "rides.city",
  "pk": 13,
  "fields": {
    "city": "Orlando",
    "state": "FL",
    "lat": "28.479",
    "long": "-81.342"
  }
},
{
  "model": "rides.city",
  "pk": 14,
  "fields": {
    "city": "Houston",
    "state": "TX",
    "lat": "29.787",
    "long": "-95.390"
  }
},
{
  "model": "rides.city",
  "pk": 15,
  "fields": {
    "city": "San Diego",
    "state": "CA",
    "lat": "32.831",
    "long": "-117.123"
  }
},
{
  "model": "rides.city",
  "pk": 16,
  "fields": {
    "city": "Indianapolis",
    "state": "IN",
    "lat": "39.777",
    "long": "-86.146"
  }
},
{
  "model": "rides.city",
  "pk": 17,
  "fields": {
    "city": "San Francisco",
    "state": "IN",
    "lat": "37.756",
    "long": "-122.443"
  }
},
{
  "model": "rides.city",
  "pk": 18,
  "fields": {
    "city": "Fort Worth",
    "state": "TX",
    "lat": "32.781",
    "long": "-97.347"
  }
},
{
  "model": "rides.city",
  "pk": 19,
  "fields": {
    "city": "El Paso",
    "state": "TX",
    "lat": "31.848",
    "long": "-106.431"
  }
},
{
  "model": "rides.city",
  "pk": 20,
  "fields": {
    "city": "Boston",
    "state": "MA",
    "lat": "42.319",
    "long": "-71.085"
  }
},
{
  "model": "rides.city",
  "pk": 21,
  "fields": {
    "city": "Omaha",
    "state": "NE",
    "lat": "41.263",
    "long": "-96.050"
  }
},
{
  "model": "rides.city",
  "pk": 22,
  "fields": {
    "city": "Miami",
    "state": "FL",
    "lat": "25.784",
    "long": "-80.210"
  }
},
{
  "model": "rides.city",
  "pk": 23,
  "fields": {
    "city": "Atlanta",
    "state": "GA",
    "lat": "33.763",
    "long": "-84.423"
  }
},
{
  "model": "rides.city",
  "pk": 24,
  "fields": {
    "city": "Oakland",
    "state": "CA",
    "lat": "37.790",
    "long": "-122.216"
  }
},
{
  "model": "rides.city",
  "pk": 25,
  "fields": {
    "city": "Jersey City",
    "state": "NJ",
    "lat": "40.716",
    "long": "-74.068"
  }
},
{
  "model": "rides.city",
  "pk": 26,
  "fields": {
    "city": "Saint Paul",
    "state": "MN",
    "lat": "44.948",
    "long": "-93.104"
  }
},
{
  "model": "rides.city",
  "pk": 27,
  "fields": {
    "city": "Lincoln",
    "state": "NE",
    "lat": "40.810",
    "long": "-96.680"
  }
},
{
  "model": "rides.city",
  "pk": 28,
  "fields": {
    "city": "Montgomery",
    "state": "AL",
    "lat": "32.347",
    "long": "-86.266"
  }
},
{
  "model": "rides.city",
  "pk": 29,
  "fields": {
    "city": "Detroit",
    "state": "MI",
    "lat": "42.383",
    "long": "-83.102"
  }
},
{
  "model": "rides.city",
  "pk": 30,
  "fields": {
    "city": "Columbus",
    "state": "OH",
    "lat": "39.986",
    "long": "-82.985"
  }
},
{
  "model": "rides.city",
  "pk": 31,
  "fields": {
    "city": "Phoenix",
    "state": "AZ",
    "lat": "33.572",
    "long": "-112.089"
  }
},
{
  "model": "rides.city",
  "pk": 32,
  "fields": {
    "city": "Virginia Beach",
    "state": "VA",
    "lat": "36.734",
    "long": "-76.044"
  }
},
{
  "model": "rides.city",
  "pk": 33,
  "fields": {
    "city": "Raleigh",
    "state": "NC",
    "lat": "35.832",
    "long": "-78.644"
  }
},
{
  "model": "rides.city",
  "pk": 34,
  "fields": {
    "city": "Tulsa",
    "state": "OK",
    "lat": "36.128",
    "long": "-95.904"
  }
},
{
  "model": "rides.city",
  "pk": 35,
  "fields": {
    "city": "New Orleans",
    "state": "LA",
    "lat": "30.069",
    "long": "-89.929"
  }
},
{
  "model": "rides.city",
  "pk": 36,
  "fields": {
    "city": "Cincinnati",
    "state": "IA",
    "lat": "40.631",
    "long": "-92.922"
  }
},
{
  "model": "rides.city",
  "pk": 37,
  "fields": {
    "city": "Newark",
    "state": "NJ",
    "lat": "40.724",
    "long": "-74.172"
  }
},
{
  "model": "rides.city",
  "pk": 38,
  "fields": {
    "city": "Boise City",
    "state": "OK",
    "lat": "36.731",
    "long": "-102.511"
  }
},
{
  "model": "rides.city",
  "pk": 39,
  "fields": {
    "city": "Little Rock",
    "state": "AR",
    "lat": "34.726",
    "long": "-92.358"
  }
},
{
  "model": "rides.city",
  "pk": 40,
  "fields": {
    "city": "Knoxville",
    "state": "TN",
    "lat": "35.969",
    "long": "-83.950"
  }
},
{
  "model": "rides.city",
  "pk": 41,
  "fields": {
    "city": "Philadelphia",
    "state": "PA",
    "lat": "40.008",
    "long": "-75.134"
  }
},
{
  "model": "rides.city",
  "pk": 42,
  "fields": {
    "city": "Washington",
    "state": "DC",
    "lat": "38.905",
    "long": "-77.016"
  }
},
{
  "model": "rides.city",
  "pk": 43,
  "fields": {
    "city": "Salt Lake City",
    "state": "UT",
    "lat": "40.777",
    "long": "-111.930"
  }
},
{
  "model": "rides.city",
  "pk": 44,
  "fields": {
    "city": "Santa Cruz",
    "state": "CA",
    "lat": "36.979",
    "long": "-122.035"
  }
},
{
  "model": "rides.city",
  "pk": 45,
  "fields": {
    "city": "Pittsburgh",
    "state": "PA",
    "lat": "40.440",
    "long": "-79.976"
  }
},
{
  "model": "rides.city",
  "pk": 46,
  "fields": {
    "city": "Wichita",
    "state": "KS",
    "lat": "37.690",
    "long": "-97.344"
  }
},
{
  "model": "rides.city",
  "pk": 47,
  "fields": {
    "city": "Spokane",
    "state": "WA",
    "lat": "47.667",
    "long": "-117.433"
  }
},
{
  "model": "rides.city",
  "pk": 48,
  "fields": {
    "city": "Cleveland",
    "state": "OH",
    "lat": "41.477",
    "long": "-81.680"
  }
},
{
  "model": "rides.city",
  "pk": 49,
  "fields": {
    "city": "Greeley",
    "state": "CO",
    "lat": "40.415",
    "long": "-104.770"
  }
},
{
  "model": "rides.city",
  "pk": 50,
  "fields": {
    "city": "Pueblo",
    "state": "CO",
    "lat": "38.270",
    "long": "-104.613"
  }
},
{
  "model": "rides.user",
  "pk": 1,
  "fields": {
    "first_name": "Johnny",
    "last_name": "Depp",
    "email": "johnnydepp@gmail.com",
    "phone_number": 1234567890,
    "api_key": "key_1",
    "created_at": "2019-05-20T16:23:00.067Z",
    "updated_at": "2019-05-20T16:23:00.067Z"
  }
},
{
  "model": "rides.user",
  "pk": 2,
  "fields": {
    "first_name": "Arnold",
    "last_name": "Schwarzenegger",
    "email": "arnoldscharzenegger@gmail.com",
    "phone_number": 9876543210,
    "api_key": "key_2",
    "created_at": "2019-05-20T16:23:00.067Z",
    "updated_at": "2019-05-20T16:23:00.067Z"
  }
},
{
  "model": "rides.user",
  "pk": 3,
  "fields": {
    "first_name": "Jim",
    "last_name": "Carey",
    "email": "jimcarey@gmail.com",
    "phone_number": 1112223333,
    "api_key": "key_3",
    "created_at": "2019-05-20T16:23:00.067Z",
    "updated_at": "2019-05-20T16:23:00.067Z"
  }
},
{
  "model": "rides.user",
  "pk": 4,
  "fields": {
    "first_name": "Emma",
    "last_name": "Watson",
    "email": "emmawatson@gmail.com",
    "phone_number": 1111111111,
    "api_key": "key_4",
    "created_at": "2019-05-20T16:23:00.067Z",
    "updated_at": "2019-05-20T16:23:00.067Z"
  }
},
{
  "model": "rides.user",
  "pk": 5,
  "fields": {
    "first_name": "Leonardo",
    "last_name": "DiCaprio",
    "email": "leonardodicaprio@gmail.com",
    "phone_number": 2222222222,
    "api_key": "key_5",
    "created_at": "2019-05-20T16:23:00.067Z",
    "updated_at": "2019-05-20T16:23:00.067Z"
  }
},
{
  "model": "rides.user",
  "pk": 6,
  "fields": {
    "first_name": "Tom",
    "last_name": "Cruise",
    "email": "tomcruise@gmail.com",
    "phone_number": 3333333333,
    "api_key": "key_6",
    "created_at": "2019-05-20T16:23:00.067Z",
    "updated_at": "2019-05-20T16:23:00.067Z"
  }
},
{
  "model": "rides.user",
  "pk": 7,
  "fields": {
    "first_name": "Natalie",
    "last_name": "Portman",
    "email": "natalieportman@gmail.com",
    "phone_number": 4444444444,
    "api_key": "key_7",
    "created_at": "2019-05-20T16:23:00.067Z",
    "updated_at": "2019-05-20T16:23:00.067Z"
  }
},
{
  "model": "rides.user",
  "pk": 8,
  "fields": {
    "first_name": "Tom",
    "last_name": "Hanks",
    "email": "tomhanks@gmail.com",
    "phone_number": 5555555555,
    "api_key": "key_8",
    "created_at": "2019-05-20T16:23:00.067Z",
    "updated_at": "2019-05-20T16:23:00.067Z"
  }
},
{
  "model": "rides.user",
  "pk": 9,
  "fields": {
    "first_name": "Jennifer",
    "last_name": "Aniston",
    "email": "jenniferaniston@gmail.com",
    "phone_number": 6666666666,
    "api_key": "key_9",
    "created_at": "2019-05-20T16:23:00.067Z",
    "updated_at": "2019-05-20T16:23:00.067Z"
  }
},
{
  "model": "rides.user",
  "pk": 10,
  "fields": {
    "first_name": "Brad",
    "last_name": "Pitt",
    "email": "bradpitt@gmail.com",
    "phone_number": 7777777777,
    "api_key": "key_10",
    "created_at": "2019-05-20T16:23:00.067Z",
    "updated_at": "2019-05-20T16:23:00.067Z"
  }
},
{
  "model": "rides.ride",
  "pk": 1,
  "fields": {
    "driver": 1,
    "start_city": 1,
    "end_city": 2,
    "description": "Looking for two passengers",
    "mileage": 15,
    "price": "5.00",
    "total_seats": 2,
    "departure_time": "2019-05-22",
    "status": "available",
    "created_at": "2019-05-20T16:23:00.067Z",
    "updated_at": "2019-05-20T16:23:00.067Z"
  }
},
{
  "model": "rides.ride",
  "pk": 2,
  "fields": {
    "driver": 2,
    "start_city": 2,
    "end_city": 1,
    "description": "Three spots available in my van",
    "mileage": 15,
    "price": "5.00",
    "total_seats": 3,
    "departure_time": "2019-05-25",
    "status": "full",
    "created_at": "2019-05-20T16:23:00.067Z",
    "updated_at": "2019-05-20T16:23:00.067Z"
  }
},
{
  "model": "rides.ride",
  "pk": 3,
  "fields": {
    "driver": 2,
    "start_city": 2,
    "end_city": 3,
    "description": "Anyone need a ride this weekend?",
    "mileage": 1000,
    "price": "200.00",
    "total_seats": 1,
    "departure_time": "2019-05-29",
    "status": "available",
    "created_at": "2019-05-20T16:23:00.067Z",
    "updated_at": "2019-05-20T16:23:00.067Z"
  }
},
{
  "model": "rides.ride",
  "pk": 4,
  "fields": {
    "driver": 3,
    "start_city": 1,
    "end_city": 4,
    "description": "Looking to pick up two passengers",
    "mileage": 922,
    "price": "175.00",
    "total_seats": 2,
    "departure_time": "2019-05-20",
    "status": "available",
    "created_at": "2019-05-20T16:23:00.067Z",
    "updated_at": "2019-05-20T16:23:00.067Z"
  }
},
{
  "model": "rides.ride",
  "pk": 5,
  "fields": {
    "driver": 6,
    "start_city": 3,
    "end_city": 5,
    "description": "Space for one passenger",
    "mileage": 270,
    "price": "50.00",
    "total_seats": 1,
    "departure_time": "2019-05-21",
    "status": "available",
    "created_at": "2019-05-20T16:23:00.067Z",
    "updated_at": "2019-05-20T16:23:00.067Z"
  }
},
{
  "model": "rides.ride",
  "pk": 6,
  "fields": {
    "driver": 10,
    "start_city": 5,
    "end_city": 3,
    "description": "Three total spots available",
    "mileage": 270,
    "price": "70.00",
    "total_seats": 3,
    "departure_time": "2019-05-25",
    "status": "available",
    "created_at": "2019-05-20T16:23:00.067Z",
    "updated_at": "2019-05-20T16:23:00.067Z"
  }
},
{
  "model": "rides.ride",
  "pk": 7,
  "fields": {
    "driver": 7,
    "start_city": 4,
    "end_city": 2,
    "description": "Looking to take one passenger",
    "mileage": 930,
    "price": "175.00",
    "total_seats": 1,
    "departure_time": "2019-05-27",
    "status": "available",
    "created_at": "2019-05-20T16:23:00.067Z",
    "updated_at": "2019-05-20T16:23:00.067Z"
  }
},
{
  "model": "rides.ride",
  "pk": 8,
  "fields": {
    "driver": 10,
    "start_city": 2,
    "end_city": 1,
    "description": "Two open spots",
    "mileage": 15,
    "price": "7.50",
    "total_seats": 2,
    "departure_time": "2019-05-22",
    "status": "full",
    "created_at": "2019-05-20T16:23:00.067Z",
    "updated_at": "2019-05-20T16:23:00.067Z"
  }
},
{
  "model": "rides.ride",
  "pk": 9,
  "fields": {
    "driver": 2,
    "start_city": 2,
    "end_city": 1,
    "description": "Two spots available in my van",
    "mileage": 15,
    "price": "5.00",
    "total_seats": 2,
    "departure_time": "2019-05-20",
    "status": "complete",
    "created_at": "2019-05-20T16:23:00.067Z",
    "updated_at": "2019-05-20T16:23:00.067Z"
  }
},
{
  "model": "rides.ride",
  "pk": 10,
  "fields": {
    "driver": 4,
    "start_city": 1,
    "end_city": 3,
    "description": "Taking a road trip",
    "mileage": 1016,
    "price": "250.00",
    "total_seats": 1,
    "departure_time": "2019-05-23",
    "status": "canceled",
    "created_at": "2019-05-20T16:23:00.067Z",
    "updated_at": "2019-05-20T16:23:00.067Z"
  }
},
{
  "model": "rides.ride",
  "pk": 11,
  "fields": {
    "driver": 5,
    "start_city": 1,
    "end_city": 2,
    "description": "Taking a trip",
    "mileage": 15,
    "price": "5.00",
    "total_seats": 1,
    "departure_time": "2019-05-22",
    "status": "available",
    "created_at": "2019-05-20T16:23:00.067Z",
    "updated_at": "2019-05-20T16:23:00.067Z"
  }
},
{
  "model": "rides.ridepassenger",
  "pk": 1,
  "fields": {
    "ride": 1,
    "passenger": 4,
    "created_at": "2019-05-20T16:23:00.067Z",
    "updated_at": "2019-05-20T16:23:00.067Z"
  }
},
{
  "model": "rides.ridepassenger",
  "pk": 2,
  "fields": {
    "ride": 3,
    "passenger": 4,
    "created_at": "2019-05-20T16:23:00.067Z",
    "updated_at": "2019-05-20T16:23:00.067Z"
  }
},
{
  "model": "rides.ridepassenger",
  "pk": 3,
  "fields": {
    "ride": 8,
    "passenger": 2,
    "created_at": "2019-05-20T16:23:00.067Z",
    "updated_at": "2019-05-20T16:23:00.067Z"
  }
},
{
  "model": "rides.ridepassenger",
  "pk": 4,
  "fields": {
    "ride": 8,
    "passenger": 7,
    "created_at": "2019-05-20T16:23:00.067Z",
    "updated_at": "2019-05-20T16:23:00.067Z"
  }
},
{
  "model": "rides.ridepassenger",
  "pk": 5,
  "fields": {
    "ride": 6,
    "passenger": 9,
    "created_at": "2019-05-20T16:23:00.067Z",
    "updated_at": "2019-05-20T16:23:00.067Z"
  }
},
{
  "model": "rides.ridepassenger",
  "pk": 6,
  "fields": {
    "ride": 2,
    "passenger": 7,
    "created_at": "2019-05-20T16:23:00.067Z",
    "updated_at": "2019-05-20T16:23:00.067Z"
  }
},
{
  "model": "rides.ridepassenger",
  "pk": 7,
  "fields": {
    "ride": 2,
    "passenger": 8,
    "created_at": "2019-05-20T16:23:00.067Z",
    "updated_at": "2019-05-20T16:23:00.067Z"
  }
},
{
  "model": "rides.ridepassenger",
  "pk": 8,
  "fields": {
    "ride": 2,
    "passenger": 9,
    "created_at": "2019-05-20T16:23:00.067Z",
    "updated_at": "2019-05-20T16:23:00.067Z"
  }
},
{
  "model": "contenttypes.contenttype",
  "pk": 1,
  "fields": {
    "app_label": "csvimport",
    "model": "csvimport"
  }
},
{
  "model": "contenttypes.contenttype",
  "pk": 2,
  "fields": {
    "app_label": "csvimport",
    "model": "importmodel"
  }
},
{
  "model": "contenttypes.contenttype",
  "pk": 3,
  "fields": {
    "app_label": "rides",
    "model": "city"
  }
},
{
  "model": "contenttypes.contenttype",
  "pk": 4,
  "fields": {
    "app_label": "rides",
    "model": "ride"
  }
},
{
  "model": "contenttypes.contenttype",
  "pk": 5,
  "fields": {
    "app_label": "rides",
    "model": "user"
  }
},
{
  "model": "contenttypes.contenttype",
  "pk": 6,
  "fields": {
    "app_label": "rides",
    "model": "ridepassenger"
  }
},
{
  "model": "contenttypes.contenttype",
  "pk": 7,
  "fields": {
    "app_label": "rides",
    "model": "request"
  }
},
{
  "model": "contenttypes.contenttype",
  "pk": 8,
  "fields": {
    "app_label": "admin",
    "model": "logentry"
  }
},
{
  "model": "contenttypes.contenttype",
  "pk": 9,
  "fields": {
    "app_label": "auth",
    "model": "permission"
  }
},
{
  "model": "contenttypes.contenttype",
  "pk": 10,
  "fields": {
    "app_label": "auth",
    "model": "group"
  }
},
{
  "model": "contenttypes.contenttype",
  "pk": 11,
  "fields": {
    "app_label": "auth",
    "model": "user"
  }
},
{
  "model": "contenttypes.contenttype",
  "pk": 12,
  "fields": {
    "app_label": "contenttypes",
    "model": "contenttype"
  }
},
{
  "model": "contenttypes.contenttype",
  "pk": 13,
  "fields": {
    "app_label": "sessions",
    "model": "session"
  }
},
{
  "model": "auth.permission",
  "pk": 1,
  "fields": {
    "name": "Can add csv import",
    "content_type": 1,
    "codename": "add_csvimport"
  }
},
{
  "model": "auth.permission",
  "pk": 2,
  "fields": {
    "name": "Can change csv import",
    "content_type": 1,
    "codename": "change_csvimport"
  }
},
{
  "model": "auth.permission",
  "pk": 3,
  "fields": {
    "name": "Can delete csv import",
    "content_type": 1,
    "codename": "delete_csvimport"
  }
},
{
  "model": "auth.permission",
  "pk": 4,
  "fields": {
    "name": "Can view csv import",
    "content_type": 1,
    "codename": "view_csvimport"
  }
},
{
  "model": "auth.permission",
  "pk": 5,
  "fields": {
    "name": "Can add import model",
    "content_type": 2,
    "codename": "add_importmodel"
  }
},
{
  "model": "auth.permission",
  "pk": 6,
  "fields": {
    "name": "Can change import model",
    "content_type": 2,
    "codename": "change_importmodel"
  }
},
{
  "model": "auth.permission",
  "pk": 7,
  "fields": {
    "name": "Can delete import model",
    "content_type": 2,
    "codename": "delete_importmodel"
  }
},
{
  "model": "auth.permission",
  "pk": 8,
  "fields": {
    "name": "Can view import model",
    "content_type": 2,
    "codename": "view_importmodel"
  }
},
{
  "model": "auth.permission",
  "pk": 9,
  "fields": {
    "name": "Can add city",
    "content_type": 3,
    "codename": "add_city"
  }
},
{
  "model": "auth.permission",
  "pk": 10,
  "fields": {
    "name": "Can change city",
    "content_type": 3,
    "codename": "change_city"
  }
},
{
  "model": "auth.permission",
  "pk": 11,
  "fields": {
    "name": "Can delete city",
    "content_type": 3,
    "codename": "delete_city"
  }
},
{
  "model": "auth.permission",
  "pk": 12,
  "fields": {
    "name": "Can view city",
    "content_type": 3,
    "codename": "view_city"
  }
},
{
  "model": "auth.permission",
  "pk": 13,
  "fields": {
    "name": "Can add ride",
    "content_type": 4,
    "codename": "add_ride"
  }
},
{
  "model": "auth.permission",
  "pk": 14,
  "fields": {
    "name": "Can change ride",
    "content_type": 4,
    "codename": "change_ride"
  }
},
{
  "model": "auth.permission",
  "pk": 15,
  "fields": {
    "name": "Can delete ride",
    "content_type": 4,
    "codename": "delete_ride"
  }
},
{
  "model": "auth.permission",
  "pk": 16,
  "fields": {
    "name": "Can view ride",
    "content_type": 4,
    "codename": "view_ride"
  }
},
{
  "model": "auth.permission",
  "pk": 17,
  "fields": {
    "name": "Can add user",
    "content_type": 5,
    "codename": "add_user"
  }
},
{
  "model": "auth.permission",
  "pk": 18,
  "fields": {
    "name": "Can change user",
    "content_type": 5,
    "codename": "change_user"
  }
},
{
  "model": "auth.permission",
  "pk": 19,
  "fields": {
    "name": "Can delete user",
    "content_type": 5,
    "codename": "delete_user"
  }
},
{
  "model": "auth.permission",
  "pk": 20,
  "fields": {
    "name": "Can view user",
    "content_type": 5,
    "codename": "view_user"
  }
},
{
  "model": "auth.permission",
  "pk": 21,
  "fields": {
    "name": "Can add ride passenger",
    "content_type": 6,
    "codename": "add_ridepassenger"
  }
},
{
  "model": "auth.permission",
  "pk": 22,
  "fields": {
    "name": "Can change ride passenger",
    "content_type": 6,
    "codename": "change_ridepassenger"
  }
},
{
  "model": "auth.permission",
  "pk": 23,
  "fields": {
    "name": "Can delete ride passenger",
    "content_type": 6,
    "codename": "delete_ridepassenger"
  }
},
{
  "model": "auth.permission",
  "pk": 24,
  "fields": {
    "name": "Can view ride passenger",
    "content_type": 6,
    "codename": "view_ridepassenger"
  }
},
{
  "model": "auth.permission",
  "pk": 25,
  "fields": {
    "name": "Can add request",
    "content_type": 7,
    "codename": "add_request"
  }
},
{
  "model": "auth.permission",
  "pk": 26,
  "fields": {
    "name": "Can change request",
    "content_type": 7,
    "codename": "change_request"
  }
},
{
  "model": "auth.permission",
  "pk": 27,
  "fields": {
    "name": "Can delete request",
    "content_type": 7,
    "codename": "delete_request"
  }
},
{
  "model": "auth.permission",
  "pk": 28,
  "fields": {
    "name": "Can view request",
    "content_type": 7,
    "codename": "view_request"
  }
},
{
  "model": "auth.permission",
  "pk": 29,
  "fields": {
    "name": "Can add log entry",
    "content_type": 8,
    "codename": "add_logentry"
  }
},
{
  "model": "auth.permission",
  "pk": 30,
  "fields": {
    "name": "Can change log entry",
    "content_type": 8,
    "codename": "change_logentry"
  }
},
{
  "model": "auth.permission",
  "pk": 31,
  "fields": {
    "name": "Can delete log entry",
    "content_type": 8,
    "codename": "delete_logentry"
  }
},
{
  "model": "auth.permission",
  "pk": 32,
  "fields": {
    "name": "Can view log entry",
    "content_type": 8,
    "codename": "view_logentry"
  }
},
{
  "model": "auth.permission",
  "pk": 33,
  "fields": {
    "name": "Can add permission",
    "content_type": 9,
    "codename": "add_permission"
  }
},
{
  "model": "auth.permission",
  "pk": 34,
  "fields": {
    "name": "Can change permission",
    "content_type": 9,
    "codename": "change_permission"
  }
},
{
  "model": "auth.permission",
  "pk": 35,
  "fields": {
    "name": "Can delete permission",
    "content_type": 9,
    "codename": "delete_permission"
  }
},
{
  "model": "auth.permission",
  "pk": 36,
  "fields": {
    "name": "Can view permission",
    "content_type": 9,
    "codename": "view_permission"
  }
},
{
  "model": "auth.permission",
  "pk": 37,
  "fields": {
    "name": "Can add group",
    "content_type": 10,
    "codename": "add_group"
  }
},
{
  "model": "auth.permission",
  "pk": 38,
  "fields": {
    "name": "Can change group",
    "content_type": 10,
    "codename": "change_group"
  }
},
{
  "model": "auth.permission",
  "pk": 39,
  "fields": {
    "name": "Can delete group",
    "content_type": 10,
    "codename": "delete_group"
  }
},
{
  "model": "auth.permission",
  "pk": 40,
  "fields": {
    "name": "Can view group",
    "content_type": 10,
    "codename": "view_group"
  }
},
{
  "model": "auth.permission",
  "pk": 41,
  "fields": {
    "name": "Can add user",
    "content_type": 11,
    "codename": "add_user"
  }
},
{
  "model": "auth.permission",
  "pk": 42,
  "fields": {
    "name": "Can change user",
    "content_type": 11,
    "codename": "change_user"
  }
},
{
  "model": "auth.permission",
  "pk": 43,
  "fields": {
    "name": "Can delete user",
    "content_type": 11,
    "codename": "delete_user"
  }
},
{
  "model": "auth.permission",
  "pk": 44,
  "fields": {
    "name": "Can view user",
    "content_type": 11,
    "codename": "view_user"
  }
},
{
  "model": "auth.permission",
  "pk": 45,
  "fields": {
    "name": "Can add content type",
    "content_type": 12,
    "codename": "add_contenttype"
  }
},
{
  "model": "auth.permission",
  "pk": 46,
  "fields": {
    "name": "Can change content type",
    "content_type": 12,
    "codename": "change_contenttype"
  }
},
{
  "model": "auth.permission",
  "pk": 47,
  "fields": {
    "name": "Can delete content type",
    "content_type": 12,
    "codename": "delete_contenttype"
  }
},
{
  "model": "auth.permission",
  "pk": 48,
  "fields": {
    "name": "Can view content type",
    "content_type": 12,
    "codename": "view_contenttype"
  }
},
{
  "model": "auth.permission",
  "pk": 49,
  "fields": {
    "name": "Can add session",
    "content_type": 13,
    "codename": "add_session"
  }
},
{
  "model": "auth.permission",
  "pk": 50,
  "fields": {
    "name": "Can change session",
    "content_type": 13,
    "codename": "change_session"
  }
},
{
  "model": "auth.permission",
  "pk": 51,
  "fields": {
    "name": "Can delete session",
    "content_type": 13,
    "codename": "delete_session"
  }
},
{
  "model": "auth.permission",
  "pk": 52,
  "fields": {
    "name": "Can view session",
    "content_type": 13,
    "codename": "view_session"
  }
}
]
